<?xml version="1.0" encoding="UTF-8" standalone="no"?>
<catalog xmlns="urn:oasis:names:tc:entity:xmlns:xml:catalog" prefer="system">
    <system systemId="http://localhost:8080/Ferreteria_WebService/EntregaWebService?wsdl" uri="wsdl/localhost_8080/Ferreteria_WebService/EntregaWebService.wsdl"/>
    <system systemId="http://localhost:8080/Ferreteria_WebService/EntregaWebService?xsd=1" uri="wsdl/localhost_8080/Ferreteria_WebService/EntregaWebService.xsd_1.xsd"/>
    <system systemId="http://localhost:8080/Ferreteria_WebService/VentaWebService?wsdl" uri="wsdl/localhost_8080/Ferreteria_WebService/VentaWebService.wsdl"/>
    <system systemId="http://localhost:8080/Ferreteria_WebService/VentaWebService?xsd=1" uri="wsdl/localhost_8080/Ferreteria_WebService/VentaWebService.xsd_1.xsd"/>
    <system systemId="http://localhost:8080/Ferreteria_WebService/DetalleEntregaWebService?wsdl" uri="wsdl/localhost_8080/Ferreteria_WebService/DetalleEntregaWebService.wsdl"/>
    <system systemId="http://localhost:8080/Ferreteria_WebService/DetalleEntregaWebService?xsd=1" uri="wsdl/localhost_8080/Ferreteria_WebService/DetalleEntregaWebService.xsd_1.xsd"/>
    <system systemId="http://localhost:8080/Ferreteria_WebService/ProductoWebService?wsdl" uri="wsdl/localhost_8080/Ferreteria_WebService/ProductoWebService.wsdl"/>
    <system systemId="http://localhost:8080/Ferreteria_WebService/ProductoWebService?xsd=1" uri="wsdl/localhost_8080/Ferreteria_WebService/ProductoWebService.xsd_1.xsd"/>
    <system systemId="http://localhost:8080/Ferreteria_WebService/ProveedorWebService?wsdl" uri="wsdl/localhost_8080/Ferreteria_WebService/ProveedorWebService.wsdl"/>
    <system systemId="http://localhost:8080/Ferreteria_WebService/ProveedorWebService?xsd=1" uri="wsdl/localhost_8080/Ferreteria_WebService/ProveedorWebService.xsd_1.xsd"/>
    <system systemId="http://localhost:8080/Ferreteria_WebService/ClienteWebService?wsdl" uri="wsdl/localhost_8080/Ferreteria_WebService/ClienteWebService.wsdl"/>
    <system systemId="http://localhost:8080/Ferreteria_WebService/ClienteWebService?xsd=1" uri="wsdl/localhost_8080/Ferreteria_WebService/ClienteWebService.xsd_1.xsd"/>
    <system systemId="http://localhost:8080/Ferreteria_WebService/DetalleVentaWebService?wsdl" uri="wsdl/localhost_8080/Ferreteria_WebService/DetalleVentaWebService.wsdl"/>
    <system systemId="http://localhost:8080/Ferreteria_WebService/DetalleVentaWebService?xsd=1" uri="wsdl/localhost_8080/Ferreteria_WebService/DetalleVentaWebService.xsd_1.xsd"/>
    <system systemId="http://localhost:8080/Ferreteria_WebService/UsuarioWebService?wsdl" uri="wsdl/localhost_8080/Ferreteria_WebService/UsuarioWebService.wsdl"/>
    <system systemId="http://localhost:8080/Ferreteria_WebService/UsuarioWebService?xsd=1" uri="wsdl/localhost_8080/Ferreteria_WebService/UsuarioWebService.xsd_1.xsd"/>
</catalog>